,0,1
0,-3.3253353,-0.036623012
1,-0.068967246,-2.7084088
2,-0.061060637,-2.8262625
3,-1.5194249,-0.24697237
4,-0.016888842,-4.0895314
5,-0.1107354,-2.2554684
6,-5.711871,-0.0033119847
7,-0.02454662,-3.7194273
8,-0.09421743,-2.4088893
9,-0.021127176,-3.8677397
10,-1.4640083,-0.26306394
11,-0.08429814,-2.5152483
12,-5.3137655,-0.004935463
13,-5.7699294,-0.0031248333
14,-0.14599782,-1.9962745
15,-0.19709179,-1.7210135
16,-0.01892978,-3.976467
17,-0.02183388,-3.835188
18,-0.018867899,-3.9797106
19,-4.877841,-0.007642554
20,-2.5229123,-0.083626896
21,-0.016627776,-4.1049805
22,-3.701067,-0.025007252
23,-1.421778,-0.27612853
24,-0.3383787,-1.2480128
25,-0.2070106,-1.6767056
26,-3.9672327,-0.019107096
27,-5.700424,-0.0033501235
28,-0.024975047,-3.7023375
29,-4.3885107,-0.012496974
30,-0.51458466,-0.91067857
31,-3.5247078,-0.029903034
32,-4.206106,-0.015016491
33,-0.016006779,-4.142733
34,-5.4700527,-0.004219914
35,-0.015787372,-4.1564293
36,-0.21979322,-1.6229526
37,-0.015738558,-4.159499
38,-1.2617836,-0.33288664
39,-0.7352986,-0.6527009
40,-0.026746694,-3.63469
41,-3.8153687,-0.022275828
42,-0.12385062,-2.1499653
43,-5.7705293,-0.0031229318
44,-1.0317298,-0.44066218
45,-5.7340336,-0.003239267
46,-0.10160755,-2.3370109
47,-0.054386802,-2.9387047
48,-5.7925324,-0.0030549546
49,-0.13792306,-2.0492282
50,-5.2916155,-0.0050463686
51,-1.8123356,-0.17825666
52,-2.1366122,-0.12562458
53,-0.02244078,-3.8080752
54,-0.04118547,-3.2101903
55,-0.030892912,-3.492635
56,-2.3460052,-0.10065036
57,-5.4646454,-0.0042428244
58,-0.051474284,-2.9922988
59,-0.0573566,-2.8870094
60,-4.756391,-0.008633786
61,-0.107457355,-2.2839084
62,-0.019942611,-3.924854
63,-0.043748274,-3.1510978
64,-0.025008997,-3.7009962
65,-1.4712315,-0.26090056
66,-0.015758859,-4.1582193
67,-5.459417,-0.0042651403
68,-3.9287345,-0.019864548
69,-0.02453208,-3.7200131
70,-5.157132,-0.0057748384
71,-0.44156927,-1.0300937
72,-1.0650432,-0.4226818
73,-0.08927292,-2.460362
74,-0.024217617,-3.73276
75,-2.0801165,-0.13343495
76,-0.02758768,-3.604146
77,-2.7280326,-0.06758071
78,-3.1564848,-0.04350805
79,-0.06964117,-2.6990175
80,-4.0032043,-0.01842573
81,-0.041768964,-3.196414
82,-1.1521422,-0.3797377
83,-2.9897723,-0.051608
84,-0.02617608,-3.65597
85,-0.12197749,-2.1642878
86,-5.6142306,-0.0036523321
87,-2.8358636,-0.06045923
88,-0.017847184,-4.0348196
89,-0.46481833,-0.9895315
90,-5.0657063,-0.00632949
91,-0.23548602,-1.5615373
92,-0.39084035,-1.1285195
93,-0.039347097,-3.2549412
94,-0.1587572,-1.9187078
95,-0.02374172,-3.7523665
96,-0.34424755,-1.2335851
97,-5.1972494,-0.00554713
98,-5.749941,-0.0031880527
99,-0.15506943,-1.9404156
100,-0.024661886,-3.7148037
101,-0.032331463,-3.4478374
102,-5.5416903,-0.003927614
103,-3.8368595,-0.021797024
104,-0.7845801,-0.6093784
105,-0.04289656,-3.1703355
106,-5.1792226,-0.005648248
107,-5.755712,-0.003169634
108,-0.24268556,-1.5348787
109,-0.037102815,-3.312557
110,-0.08610565,-2.4949243
111,-1.293505,-0.3206292
112,-0.05774217,-2.8804994
113,-0.11249451,-2.2405705
114,-0.0785193,-2.5834136
115,-5.6162024,-0.0036450867
116,-5.2238836,-0.0054009473
117,-0.019763457,-3.9337864
118,-0.040009324,-3.238581
119,-0.51137054,-0.9154738
120,-0.42419097,-1.0621806
121,-0.080133855,-2.5638556
122,-5.7517557,-0.00318223
123,-0.04252133,-3.1789343
124,-5.2706175,-0.0051537044
125,-5.7573853,-0.0031644055
126,-0.12805301,-2.1186545
127,-0.058970816,-2.8600538
128,-4.3413935,-0.0131038
129,-1.8464535,-0.1717328
130,-1.3284068,-0.30774736
131,-0.016785221,-4.095639
132,-0.43213624,-1.0473137
133,-3.65854,-0.026108027
134,-0.8654119,-0.5462425
135,-5.1491184,-0.0058214166
136,-0.42477784,-1.061071
137,-5.5649037,-0.0038372471
138,-4.1905804,-0.015253207
139,-0.10168132,-2.3363214
140,-0.03753313,-3.3012407
141,-0.026026262,-3.661633
142,-1.5168923,-0.247683
143,-3.2323425,-0.04026482
144,-0.23143996,-1.5769242
145,-0.08900947,-2.4631865
146,-0.97044283,-0.47628757
147,-0.05927645,-2.855034
148,-3.67092,-0.025782557
149,-0.02117351,-3.86557
150,-0.025977246,-3.6634936
151,-5.2414417,-0.005306682
152,-1.6258312,-0.2190868
153,-0.12406409,-2.1483479
154,-0.41462314,-1.080544
155,-5.61522,-0.0036486501
156,-0.04289656,-3.1703355
157,-3.652111,-0.026278617
158,-0.29940024,-1.3519418
159,-0.021367816,-3.856534
160,-5.470652,-0.004217421
161,-0.387846,-1.1348102
162,-0.048495118,-3.050442
163,-0.35976923,-1.19679
164,-0.03432687,-3.3889415
165,-0.08904219,-2.4628358
166,-0.044161253,-3.1419063
167,-3.0946457,-0.0463488
168,-0.6482094,-0.7401998
169,-0.79592186,-0.5999576
170,-5.753066,-0.003178071
171,-1.3679065,-0.29388723
172,-0.01966434,-3.9387646
173,-0.21839866,-1.628646
174,-0.019533416,-3.9453797
175,-0.016518615,-4.111515
176,-0.016020387,-4.1418915
177,-5.782466,-0.003085854
178,-0.51453686,-0.91074973
179,-0.06368963,-2.78541
180,-0.015225968,-4.1923532
181,-5.748607,-0.0031923307
182,-0.01590459,-4.14909
183,-0.016731296,-4.098829
184,-0.465931,-0.98765403
185,-0.045744512,-3.107469
186,-0.04757856,-3.0690677
187,-2.8694904,-0.058400426
188,-5.13625,-0.005897028
189,-5.603791,-0.0036906956
190,-0.1343049,-2.074044
191,-0.20323676,-1.6932819
192,-0.019357929,-3.9543145
193,-4.982444,-0.0068808743
194,-5.763217,-0.0031459862
195,-0.07293741,-2.6544003
196,-0.08498996,-2.5074158
197,-0.014932288,-4.2116876
198,-0.021829799,-3.8353755
199,-2.3246045,-0.10294355
200,-0.033315253,-3.4183502
201,-0.39062646,-1.1289669
202,-0.04917594,-3.0368369
203,-0.04187117,-3.1940205
204,-2.0139732,-0.14324392
205,-5.823945,-0.002960349
206,-1.371361,-0.29270977
207,-0.021174677,-3.8655152
208,-0.8882768,-0.5299473
209,-0.03619886,-3.3367732
210,-0.024661886,-3.7148037
211,-5.7832465,-0.003083477
212,-0.053960405,-2.946363
213,-5.5933185,-0.0037296514
214,-3.8146565,-0.022291917
215,-0.58193725,-0.8182904
216,-1.0742162,-0.41788995
217,-0.073464684,-2.6474583
218,-0.6055633,-0.789145
219,-0.043454863,-3.1576803
220,-0.8374852,-0.56703895
221,-4.590164,-0.010203107
222,-0.71849585,-0.66842514
223,-0.02091753,-3.8776069
224,-1.7729555,-0.18612517
225,-0.022670269,-3.7980165
226,-5.6151733,-0.0036487689
227,-1.0653247,-0.42253387
228,-0.03208871,-3.4552524
229,-5.3416214,-0.004799631
230,-2.4392989,-0.09126256
231,-0.015955862,-4.1458964
232,-0.13409756,-2.0754876
233,-0.57098067,-0.8323428
234,-0.019151304,-3.9649432
235,-5.647539,-0.0035323624
236,-0.034973435,-3.3706026
237,-2.3672576,-0.09842624
238,-0.6525171,-0.73549825
239,-0.052334223,-2.9761572
240,-0.50270796,-0.92859197
241,-0.7122214,-0.67443
242,-5.133659,-0.005912434
243,-5.601163,-0.0037004347
244,-1.5339898,-0.24292989
245,-5.462615,-0.0042514894
246,-0.12445773,-2.1453729
247,-0.016034817,-4.140998
248,-3.6187098,-0.027183343
249,-0.015341491,-4.184853
250,-0.053370986,-2.9570546
251,-1.0693913,-0.4204022
252,-5.6375923,-0.0035677608
253,-5.8050675,-0.0030168043
254,-2.8944862,-0.05691694
255,-2.4898925,-0.08655934
256,-5.643885,-0.0035453103
257,-1.2143159,-0.3522747
258,-5.1389847,-0.005880911
259,-3.9175358,-0.020090539
260,-3.3597448,-0.035362095
261,-0.32544947,-1.2808634
262,-4.7644873,-0.008563818
263,-0.1688625,-1.861914
264,-0.024696078,-3.7134345
265,-0.28888533,-1.3826933
266,-1.1750596,-0.36932695
267,-5.2364573,-0.0053332434
268,-0.033219777,-3.4211736
269,-5.778989,-0.0030966685
270,-5.0086536,-0.0067023234
271,-2.3380823,-0.101493075
272,-5.3138065,-0.004935344
273,-0.02246957,-3.8068094
274,-0.065656096,-2.755974
275,-5.7828383,-0.0030846654
276,-5.4430327,-0.0043357657
277,-0.0633266,-2.7909455
278,-0.034827694,-3.3747046
279,-1.0211179,-0.4465872
280,-0.06692301,-2.737488
281,-3.326454,-0.036581296
282,-0.7874266,-0.6069955
283,-0.22529854,-1.6008639
284,-0.238879,-1.5488613
285,-5.686641,-0.0033966962
286,-0.1326392,-2.085709
287,-3.6899414,-0.02529055
288,-5.8216915,-0.002967005
289,-0.03431351,-3.3893254
290,-0.7192141,-0.6677426
291,-0.21248804,-1.6532332
292,-0.028278017,-3.5797753
293,-0.03012989,-3.5172634
294,-5.3538814,-0.004741022
295,-1.7043777,-0.200753
296,-0.03198908,-3.458313
297,-1.1617808,-0.3753168
298,-0.3601162,-1.1959889
299,-5.5701394,-0.0038171776
300,-0.044198893,-3.1410728
301,-3.277242,-0.038462494
302,-0.060813993,-2.8301878
303,-0.08398033,-2.5188694
304,-4.6867166,-0.009259613
305,-0.054440428,-2.9377446
306,-5.6346617,-0.0035783327
307,-0.69389987,-0.69239503
308,-0.07065527,-2.6850624
309,-0.20922448,-1.6671367
310,-0.03192188,-3.460382
311,-5.3037443,-0.004985402
312,-0.019275144,-3.9585633
313,-5.482546,-0.004167444
314,-0.016470775,-4.114392
315,-0.04658743,-3.0896277
316,-4.943806,-0.007152902
317,-5.7739596,-0.0031122365
318,-0.5685458,-0.83551383
319,-1.8927907,-0.16328482
320,-5.3947735,-0.0045505776
321,-5.6187205,-0.003635941
322,-0.056638855,-2.899245
323,-0.23817249,-1.5514839
324,-0.03315497,-3.423096
325,-0.08526651,-2.504304
326,-0.2614559,-1.469371
327,-1.548532,-0.23896779
328,-0.11142773,-2.2495759
329,-0.10418013,-2.3132722
330,-1.0544577,-0.42829573
331,-0.51753396,-0.90631187
332,-3.440188,-0.032583848
333,-0.028026862,-3.5885742
334,-0.29044044,-1.3780646
335,-0.044619896,-3.1318023
336,-5.6262264,-0.003608622
337,-0.03131066,-3.4794092
338,-5.68857,-0.003390162
339,-0.027480291,-3.6079931
340,-0.27907652,-1.4125645
341,-0.10654454,-2.2919912
342,-4.528553,-0.010854959
343,-5.7926993,-0.0030543602
344,-0.031612504,-3.4699655
345,-4.7364607,-0.008808329
346,-0.12455035,-2.1446738
347,-0.3117875,-1.3172799
348,-0.012455062,-4.391847
349,-0.02233412,-3.812786
350,-0.037246272,-3.308769
351,-0.016974404,-4.0845237
352,-4.6894593,-0.0092341015
353,-0.028672181,-3.5661294
354,-0.07216478,-2.6646686
355,-0.01735735,-4.062405
356,-3.7423732,-0.02398313
357,-1.6939921,-0.2030767
358,-0.057162408,-2.8903048
359,-0.6106539,-0.7830625
360,-5.446144,-0.0043222345
361,-1.4561154,-0.26545128
362,-0.029655874,-3.5328846
363,-0.03358249,-3.4104948
364,-4.60938,-0.010007918
365,-0.024729457,-3.712098
366,-0.09408365,-2.4102442
367,-0.027595103,-3.603881
368,-1.54644,-0.23953329
369,-3.5471826,-0.029228752
370,-2.1298535,-0.12653275
371,-0.051353805,-2.994583
372,-1.0807222,-0.41453156
373,-5.7791333,-0.003096193
374,-5.078232,-0.0062503577
375,-5.7432494,-0.003209442
376,-0.07900541,-2.577481
377,-5.2314696,-0.005360041
378,-2.0091014,-0.14399637
379,-1.1873589,-0.36388057
380,-0.019090956,-3.9680698
381,-5.177067,-0.005660576
382,-0.038023397,-3.2885053
383,-1.655457,-0.2119622
384,-4.667895,-0.009436409
385,-0.03173631,-3.4661212
386,-0.027491657,-3.6075878
387,-0.018141182,-4.0186267
388,-1.5341322,-0.24289063
389,-2.9772966,-0.05227302
390,-0.03831416,-3.2810311
391,-1.2019132,-0.35755888
392,-5.764464,-0.0031420647
393,-0.04757856,-3.0690677
394,-0.0264039,-3.6474147
395,-0.41662708,-1.0766553
396,-2.7556252,-0.06567976
397,-3.9469998,-0.019501502
398,-0.04167841,-3.1985385
399,-0.50019675,-0.93244886
400,-1.6264476,-0.21893597
401,-2.545635,-0.081669234
402,-0.022579016,-3.8020017
403,-5.796864,-0.0030416436
404,-4.5909963,-0.010194493
405,-0.024302786,-3.7292898
406,-0.016342482,-4.1221466
407,-0.03557391,-3.3538775
408,-1.5981823,-0.22597738
409,-0.2018069,-1.6996511
410,-0.361669,-1.1924162
411,-4.0915995,-0.016853679
412,-0.03373014,-3.4061801
413,-0.07363447,-2.6452339
414,-0.025863992,-3.667808
415,-0.050485086,-3.0112138
416,-0.020342527,-3.9051938
417,-0.022035638,-3.8260896
418,-4.6530385,-0.009578343
419,-3.3927052,-0.034195665
420,-0.58764136,-0.8111119
421,-0.021502,-3.8503385
422,-2.48835,-0.08669894
423,-0.051611736,-2.9896998
424,-4.1116023,-0.016517209
425,-5.708508,-0.0033231531
426,-0.015581417,-4.169457
427,-1.748379,-0.19122818
428,-0.725593,-0.6617212
429,-2.1898475,-0.11870905
430,-2.674249,-0.071451485
431,-0.05856537,-2.866752
432,-0.05000248,-3.0205798
433,-3.643121,-0.026519068
434,-1.3080649,-0.3151803
435,-0.018669713,-3.990171
436,-0.11014884,-2.2604918
437,-5.7571864,-0.0031649994
438,-1.0653247,-0.42253387
439,-0.03012989,-3.5172634
440,-1.1535879,-0.3790706
441,-1.2157845,-0.3516552
442,-0.028923523,-3.557526
443,-0.014860881,-4.2164464
444,-0.09556148,-2.3953857
445,-1.1727926,-0.37034133
446,-0.05244961,-2.9740124
447,-0.050434534,-3.0121913
448,-0.022801714,-3.7923002
449,-3.9447963,-0.019544873
450,-0.21089114,-1.660006
451,-5.5079546,-0.0040626144
452,-0.047914058,-3.0622067
453,-1.0462656,-0.43270314
454,-0.25118506,-1.5045301
455,-5.7098646,-0.0033186383
456,-0.06849471,-2.7150512
457,-0.028560737,-3.5699682
458,-0.08274309,-2.5331016
459,-0.035177853,-3.364875
460,-4.2328677,-0.014617023
461,-1.6135968,-0.22210656
462,-0.056792382,-2.8966143
463,-0.033371057,-3.4167042
464,-1.8132682,-0.1780748
465,-0.033148393,-3.4232905
466,-5.679486,-0.0034211697
467,-0.21122068,-1.6586037
468,-0.8215952,-0.5793359
469,-0.018119523,-4.0198092
470,-3.339641,-0.03609331
471,-0.09989142,-2.3532016
472,-3.4533541,-0.032150704
473,-3.204273,-0.041435055
474,-5.0170527,-0.0066460758
475,-0.01748727,-4.0550127
476,-1.0366243,-0.4379623
477,-0.1877688,-1.7649595
478,-1.1956432,-0.36026615
479,-0.029410157,-3.541083
480,-4.5742826,-0.0103672305
481,-4.1258044,-0.016282316
482,-5.1752048,-0.0056711254
483,-0.014107972,-4.268059
484,-0.91061044,-0.51463044
485,-0.66095406,-0.7264113
486,-3.9218533,-0.02000314
487,-1.7841985,-0.18384066
488,-0.017185934,-4.072243
489,-5.7307754,-0.0032498424
490,-5.1243644,-0.005967775
491,-4.9125915,-0.0073806
492,-0.6188315,-0.7734324
493,-0.06560184,-2.756773
494,-0.02663956,-3.6386466
495,-0.97790086,-0.47176483
496,-5.727257,-0.0032612493
497,-2.5425978,-0.08192814
498,-0.023594098,-3.7585318
499,-2.47281,-0.088118404
500,-2.277588,-0.10817699
501,-0.020970995,-3.8750832
502,-0.02110033,-3.8689978
503,-0.09535951,-2.3974025
504,-0.035098784,-3.3670871
505,-2.2445498,-0.112021856
506,-1.397967,-0.2838213
507,-1.7313535,-0.1948533
508,-5.7249417,-0.0032688538
509,-0.032682266,-3.4372191
510,-0.570377,-0.83312756
511,-1.4985704,-0.25289345
512,-0.030551191,-3.5035875
513,-3.053827,-0.048327252
514,-2.508484,-0.08489524
515,-0.09499284,-2.4010746
516,-0.061220884,-2.8237221
517,-4.7438135,-0.008743455
518,-0.081713945,-2.5451095
519,-0.50427055,-0.92620456
520,-0.027113501,-3.6212473
521,-0.019478003,-3.9481933
522,-5.6523337,-0.0035154943
523,-0.021544468,-3.8483868
524,-0.77601826,-0.61662114
525,-0.021262674,-3.861412
526,-0.030143192,-3.5168307
527,-1.5087279,-0.2499897
528,-5.13851,-0.005883755
529,-5.662983,-0.0034781932
530,-5.6806135,-0.0034172493
531,-0.9086467,-0.5159542
532,-4.1156616,-0.016449668
533,-0.84408224,-0.5620343
534,-2.7993643,-0.062778726
535,-0.038431637,-3.2780275
536,-0.028307451,-3.5787516
537,-5.783307,-0.0030832393
538,-0.042699426,-3.1748424
539,-0.03296409,-3.4287724
540,-0.015081898,-4.201791
541,-0.022579016,-3.8020017
542,-2.5962868,-0.07747509
543,-5.7614846,-0.0031514526
544,-0.03310953,-3.4244444
545,-0.017545255,-4.051733
546,-0.01580826,-4.15512
547,-4.0744123,-0.017148435
548,-5.717374,-0.0032938058
549,-0.3145191,-1.3098516
550,-0.09397178,-2.4113784
551,-5.742775,-0.0032109867
552,-0.3080458,-1.3275788
553,-0.21512523,-1.6421698
554,-4.76518,-0.008557908
555,-0.020406887,-3.9020698
556,-2.812369,-0.061941955
557,-0.5877608,-0.81096244
558,-0.018232606,-4.013645
559,-0.020764703,-3.8848622
560,-1.6027956,-0.22481109
561,-0.034250155,-3.3911421
562,-0.24045622,-1.5430375
563,-0.015647257,-4.16527
564,-0.019704314,-3.936753
565,-0.5388902,-0.8756176
566,-0.285159,-1.393902
567,-0.9812153,-0.46977198
568,-0.2638145,-1.461518
569,-0.27389818,-1.4288242
570,-1.4445488,-0.26899445
571,-0.19161426,-1.7465485
572,-0.049526446,-3.0299091
573,-0.0669142,-2.737615
574,-5.08967,-0.0061791567
575,-2.0583272,-0.13658446
576,-0.03133226,-3.478731
577,-4.522812,-0.010917809
578,-5.7177825,-0.00329238
579,-0.06619023,-2.748135
580,-0.07004371,-2.693453
581,-4.025812,-0.018010175
582,-0.028807936,-3.5614722
583,-0.2569862,-1.4844759
584,-0.015766252,-4.157754
585,-0.139541,-2.0383565
586,-0.6574643,-0.7301506
587,-0.054274347,-2.940719
588,-2.5958605,-0.0775094
589,-5.6283984,-0.0036007825
590,-0.32691061,-1.2770749
591,-0.019124523,-3.9663324
592,-5.7363358,-0.0032317813
593,-0.27954894,-1.4110982
594,-1.3888602,-0.28682825
595,-5.2543936,-0.00523826
596,-5.6889706,-0.0033888551
597,-2.1715524,-0.12103887
598,-5.749517,-0.00318936
599,-0.05217526,-2.97912
600,-5.3298783,-0.0048564575
601,-0.027328812,-3.6134472
602,-2.530631,-0.08295641
603,-0.021540852,-3.8485548
604,-5.692711,-0.0033761428
605,-5.8067207,-0.0030118127
606,-0.92889714,-0.5025088
607,-0.117025316,-2.2033072
608,-5.3330045,-0.0048412723
609,-1.235562,-0.3434364
610,-5.713983,-0.0033049744
611,-0.01751222,-4.053597
612,-1.2292941,-0.34601623
613,-0.06035127,-2.8375976
614,-5.7577543,-0.003163217
615,-0.123152085,-2.1552794
616,-1.5984583,-0.22590739
617,-5.6777563,-0.00342711
618,-0.10668277,-2.2907624
619,-5.545569,-0.003912415
620,-0.04940607,-3.0322838
621,-0.11587652,-2.212609
622,-1.4337596,-0.27234817
623,-5.5651608,-0.0038362972
624,-0.068967246,-2.7084088
625,-0.018219378,-4.0143647
626,-1.3663192,-0.29443008
627,-5.781938,-0.0030875176
628,-0.03291057,-3.4303713
629,-0.33948335,-1.2452748
630,-5.8097973,-0.003002542
631,-0.3683141,-1.1773303
632,-2.3128848,-0.10422266
633,-0.06460395,-2.7716086
634,-0.023059893,-3.7811666
635,-2.5953622,-0.07754956
636,-1.2291633,-0.3460703
637,-4.243688,-0.014458531
638,-0.034668803,-3.3792
639,-3.9063692,-0.020318465
640,-5.7442074,-0.0032063525
641,-0.03615149,-3.3380597
642,-0.016711485,-4.1000037
643,-0.15733755,-1.926999
644,-1.1001043,-0.40471986
645,-5.1415014,-0.005866097
646,-5.592124,-0.0037340457
647,-0.06751196,-2.7290168
648,-0.030668542,-3.4998133
649,-0.25112396,-1.5047443
650,-4.7354474,-0.0088173095
651,-5.0840907,-0.0062137507
652,-5.6370792,-0.0035696614
653,-0.025545532,-3.6800365
654,-5.0515366,-0.0064201057
655,-1.057752,-0.42653894
656,-0.02028856,-3.9078226
657,-5.6218286,-0.0036245384
658,-0.032451604,-3.4441876
659,-0.06103215,-2.8267152
660,-1.7378877,-0.19345316
661,-0.044743814,-3.1290915
662,-5.8034215,-0.003021796
663,-0.027336352,-3.6131756
664,-5.7828803,-0.0030845467
665,-0.69701874,-0.6892906
666,-0.013692266,-4.297763
667,-0.2070106,-1.6767056
668,-0.015107262,-4.200125
669,-5.751619,-0.0031827055
670,-0.037246272,-3.308769
671,-0.044233337,-3.140311
672,-2.0136917,-0.1432873
673,-0.02255419,-3.8030877
674,-0.021254154,-3.8618088
675,-5.139572,-0.005877474
676,-5.795985,-0.003044377
677,-0.03262019,-3.439088
678,-0.022132654,-3.8217463
679,-3.8950953,-0.020551126
680,-2.1079924,-0.12951848
681,-0.26312137,-1.4638176
682,-5.1956677,-0.0055559026
683,-1.4801972,-0.25824338
684,-3.7822092,-0.023035662
685,-1.4018317,-0.28255615
686,-5.7052503,-0.003333965
687,-0.78138876,-0.6120647
688,-0.05357326,-2.9533722
689,-0.05723851,-2.8890104
690,-0.06035127,-2.8375976
691,-2.8349512,-0.060516123
692,-0.040300887,-3.2314653
693,-3.08702,-0.046712015
694,-3.5999162,-0.027706306
695,-5.558729,-0.0038611162
696,-0.10400029,-2.3149107
697,-4.616743,-0.009934152
698,-5.3581023,-0.0047209705
699,-3.6693463,-0.025823683
700,-0.3067263,-1.3312455
701,-5.7503314,-0.0031867456
702,-0.4616828,-0.9948529
703,-0.019381898,-3.9530885
704,-3.2495496,-0.039564148
705,-0.013799855,-4.289991
706,-5.0877976,-0.006190767
707,-0.092544734,-2.4259782
708,-2.3907619,-0.09602629
709,-0.08904219,-2.4628358
710,-0.020777546,-3.8842556
711,-0.123956256,-2.1491642
712,-1.2051916,-0.35615304
713,-0.055831656,-2.913201
714,-0.062365524,-2.8057642
715,-0.64293736,-0.7460119
716,-0.022379233,-3.8107927
717,-0.032682266,-3.4372191
718,-2.1457107,-0.12441289
719,-0.5952677,-0.80165696
720,-0.041305237,-3.2073488
721,-5.09207,-0.0061642285
722,-0.5636367,-0.84196174
723,-0.09131969,-2.4387012
724,-5.4788666,-0.004182758
725,-5.5851274,-0.0037602924
726,-0.16437155,-1.8866861
727,-1.9040556,-0.16129996
728,-0.03061825,-3.5014281
729,-0.39272547,-1.1245891
730,-5.256253,-0.0052284175
731,-0.020463066,-3.8993478
732,-5.668637,-0.0034585916
733,-5.74735,-0.0031963708
734,-0.05752318,-2.8841918
735,-0.28080672,-1.4072084
736,-0.014611501,-4.2332463
737,-0.03520651,-3.3640745
738,-0.7091502,-0.6773963
739,-0.04214139,-3.1877224
740,-0.044619896,-3.1318023
741,-0.27202454,-1.434794
742,-0.027688218,-3.600559
743,-4.5538373,-0.010582521
744,-5.3713193,-0.0046587973
745,-0.01521822,-4.192864
746,-0.0804585,-2.5599725
747,-5.7661695,-0.003136598
748,-0.057817217,-2.879238
749,-5.4729314,-0.004207687
750,-0.03187858,-3.4617195
751,-5.7305484,-0.0032505554
752,-1.3244879,-0.30916327
753,-0.022086363,-3.823818
754,-5.727343,-0.0032610116
755,-0.016954362,-4.0856953
756,-5.6772566,-0.003428773
757,-2.6031382,-0.0769252
758,-3.7523663,-0.023741836
759,-0.12682126,-2.1277173
760,-5.1418576,-0.0058639636
761,-0.5587381,-0.84846926
762,-2.7057147,-0.06915994
763,-0.08881555,-2.4652727
764,-0.019646456,-3.939667
765,-1.8877423,-0.164183
766,-0.1311648,-2.0961661
767,-1.2941718,-0.32037708
768,-5.8027263,-0.0030239352
769,-1.8083379,-0.17903855
770,-0.020155031,-3.9143627
771,-5.642391,-0.0035506557
772,-0.024889352,-3.7057343
773,-0.31999958,-1.2951725
774,-0.1587572,-1.9187078
775,-3.9913168,-0.018648183
776,-5.6767163,-0.0034306739
777,-0.030578362,-3.5027134
778,-1.2702266,-0.32957128
779,-0.028217522,-3.5818887
780,-5.1611247,-0.005751726
781,-2.9835696,-0.05193751
782,-0.029017093,-3.5543435
783,-5.1015553,-0.006105818
784,-0.20263945,-1.6959366
785,-0.025665794,-3.6754036
786,-0.036082502,-3.3399346
787,-5.732774,-0.0032433071
788,-0.031612504,-3.4699655
789,-0.037603624,-3.2993972
790,-5.751337,-0.0031835372
791,-5.6031203,-0.0036931897
792,-0.0189892,-3.9733615
793,-1.8008533,-0.18051265
794,-0.10410278,-2.313977
795,-0.032331463,-3.4478374
796,-0.016695658,-4.10094
797,-0.0333224,-3.4181418
798,-0.026542401,-3.6422524
799,-3.8622077,-0.021245636
800,-5.282957,-0.0050903717
801,-5.72354,-0.0032734878
802,-0.025908832,-3.6660976
803,-5.7820883,-0.0030870424
804,-0.14923222,-1.97594
805,-4.257444,-0.014259586
806,-4.2680426,-0.014108207
807,-0.047410768,-3.072518
808,-3.3144426,-0.037031595
809,-5.340584,-0.004804614
810,-0.07497726,-2.627825
811,-0.10736549,-2.2847185
812,-0.0333224,-3.4181418
813,-1.0461173,-0.43278348
814,-0.036540724,-3.3275433
815,-0.04599877,-3.1020517
816,-0.035229526,-3.3634336
817,-3.490224,-0.030968616
818,-0.012932594,-4.354461
819,-5.7090707,-0.003321252
820,-0.15373152,-1.9484286
821,-5.685893,-0.00339931
822,-0.03368888,-3.4073856
823,-5.562299,-0.003847341
824,-5.584115,-0.0037640927
825,-1.8344593,-0.17399603
826,-0.04934514,-3.0334876
827,-2.2130072,-0.115827575
828,-0.020213095,-3.9115143
829,-0.08125234,-2.550547
830,-5.629556,-0.003596625
831,-3.0849962,-0.046808828
832,-5.552905,-0.0038836785
833,-5.7469835,-0.0031975592
834,-0.017317984,-4.0646567
835,-0.05216191,-2.9793694
836,-4.060917,-0.017383477
837,-0.016361129,-4.1210175
838,-0.01813205,-4.0191255
839,-0.01775877,-4.0397453
840,-0.2961969,-1.3611766
841,-2.1254065,-0.12713414
842,-2.393782,-0.095722474
843,-1.6698596,-0.20859174
844,-4.0128374,-0.018247472
845,-5.7838545,-0.0030815755
846,-0.036539577,-3.3275743
847,-5.7670555,-0.0031338648
848,-1.3559706,-0.29799777
849,-0.023688868,-3.7545729
850,-4.131139,-0.016195053
851,-2.8260944,-0.06107129
852,-0.67118484,-0.71560276
853,-3.047005,-0.048666246
854,-5.3888044,-0.004577871
855,-0.15415166,-1.9459045
856,-0.045296073,-3.117097
857,-0.032441333,-3.444497
858,-4.883974,-0.007595706
859,-0.12458782,-2.1443915
860,-4.5202417,-0.010946108
861,-5.5176363,-0.004023434
862,-0.34732494,-1.2261355
863,-5.200514,-0.0055289916
864,-0.014724276,-4.225607
865,-0.01680808,-4.0942855
866,-0.021273995,-3.8608904
867,-0.029566992,-3.5358446
868,-0.054934777,-2.928951
869,-1.1865864,-0.36421987
870,-0.039347097,-3.2549412
871,-3.6151788,-0.027280904
872,-2.914345,-0.055765927
873,-5.5428104,-0.0039232206
874,-5.5823717,-0.0037707435
875,-4.1794977,-0.015424603
876,-5.638813,-0.0035634846
877,-0.055079535,-2.9263904
878,-0.4984913,-0.9350823
879,-0.016208073,-4.130339
880,-5.738703,-0.0032241764
881,-2.956442,-0.05340455
882,-0.02011636,-3.9162626
883,-4.2283263,-0.014684102
884,-0.6285503,-0.7622068
885,-0.19933513,-1.7107804
886,-5.704361,-0.0033369355
887,-0.015754517,-4.1584926
888,-3.8942535,-0.020568645
889,-0.055571653,-2.9177394
890,-0.021245869,-3.8621998
891,-5.807524,-0.0030094355
892,-0.05782937,-2.879034
893,-5.7578034,-0.0031629794
894,-1.021602,-0.44631472
895,-5.702231,-0.003344064
896,-3.6722934,-0.025746774
897,-0.02752784,-3.6062915
898,-0.02515327,-3.6953173
899,-0.59270304,-0.8048184
900,-0.10964751,-2.2648075
901,-0.06689613,-2.7378752
902,-1.1305882,-0.38985252
903,-0.05673494,-2.8975983
904,-0.039631292,-3.2478876
905,-1.3169014,-0.31192598
906,-0.028865268,-3.559513
907,-0.019330101,-3.9557428
908,-0.048881393,-3.0426998
909,-5.4948626,-0.004116277
910,-3.351942,-0.035644084
911,-2.6388116,-0.07412684
912,-0.042179562,-3.1868348
913,-0.018043192,-4.023997
914,-0.2155761,-1.6402935
915,-0.026357457,-3.6491525
916,-0.014391789,-4.2482815
917,-5.022811,-0.0066078254
918,-0.11431073,-2.2254457
919,-5.63208,-0.0035875977
920,-0.019944014,-3.9247842
921,-2.209389,-0.11627287
922,-5.786705,-0.0030727813
923,-0.028524127,-3.571234
924,-2.5860748,-0.07830228
925,-5.436982,-0.004362115
926,-5.4541616,-0.0042876936
927,-5.6657896,-0.003468452
928,-1.5166343,-0.2477555
929,-0.4179763,-1.0740501
930,-0.20379753,-1.6907971
931,-0.06277548,-2.799414
932,-0.5390696,-0.8753664
933,-5.7520366,-0.0031813984
934,-0.028462257,-3.573373
935,-0.03633808,-3.3330019
936,-0.050485086,-3.0112138
937,-0.095119014,-2.3998094
938,-0.036765162,-3.32153
939,-0.029017093,-3.5543435
940,-0.022278277,-3.815261
941,-4.9779286,-0.0069121295
942,-4.955254,-0.0070712306
943,-0.3251801,-1.281564
944,-3.0124362,-0.05042184
945,-0.025475923,-3.6827319
946,-1.2914033,-0.32142478
947,-0.024900282,-3.7053006
948,-2.97581,-0.05235289
949,-0.14747727,-1.9869137
950,-2.2742667,-0.10855715
951,-0.06602152,-2.750604
952,-0.22888969,-1.5867779
953,-0.14177173,-2.0235853
954,-0.5052555,-0.9247044
955,-0.020089839,-3.9175704
956,-0.08455714,-2.5123086
957,-0.032693572,-3.4368806
958,-5.7618837,-0.0031501453
959,-0.03278587,-3.4341063
960,-0.018679775,-3.98964
961,-0.066829346,-2.7388415
962,-3.9770024,-0.018919602
963,-1.4732022,-0.26031393
964,-0.03615908,-3.3378534
965,-0.14820302,-1.9823583
966,-0.071734354,-2.6704385
967,-0.017130155,-4.0754666
968,-0.02924172,-3.5467439
969,-0.01267826,-4.374199
970,-0.030514076,-3.504786
971,-5.7353964,-0.0032348707
972,-1.2396492,-0.34176633
973,-0.042763162,-3.1733835
974,-0.033510786,-3.4125962
975,-5.585864,-0.0037575609
976,-0.64233667,-0.7466783
977,-3.46858,-0.031657085
978,-2.5094585,-0.084808946
979,-0.019446086,-3.949818
980,-0.13050191,-2.1009092
981,-5.630617,-0.003592824
982,-5.0994906,-0.0061184955
983,-0.033234537,-3.4207373
984,-1.0169402,-0.44894683
985,-3.7867742,-0.02292953
986,-5.5787044,-0.0037846384
987,-0.10533675,-2.3027992
988,-5.5814786,-0.0037740688
989,-5.6978073,-0.0033589154
990,-0.5083259,-0.920052
991,-0.080516905,-2.5592766
992,-0.19644123,-1.7240052
993,-1.7941759,-0.18183899
994,-0.7284336,-0.6590636
995,-0.5418682,-0.8714621
996,-0.037245583,-3.3087857
997,-0.08682715,-2.486935
998,-0.031906407,-3.4608605
999,-5.524074,-0.0039975503
1000,-1.5341322,-0.24289063
1001,-0.018960778,-3.9748483
1002,-2.2175694,-0.115268745
1003,-2.202292,-0.117151394
1004,-0.014670709,-4.229225
1005,-1.2042829,-0.3565421
1006,-0.34778178,-1.2250363
1007,-5.6895733,-0.0033867166
1008,-5.4371686,-0.0043612844
1009,-0.17536464,-1.8272887
1010,-2.913372,-0.055821735
1011,-0.03222308,-3.4511414
1012,-0.029026473,-3.5540266
1013,-0.018667607,-3.9902864
1014,-4.881655,-0.0076133334
1015,-0.14516428,-2.0015936
1016,-5.4074326,-0.0044932594
1017,-0.0200521,-3.9194334
1018,-5.7273574,-0.0032610116
1019,-0.5596678,-0.8472284
1020,-4.615226,-0.009949259
1021,-5.793516,-0.0030518644
1022,-0.018591784,-3.9943197
1023,-0.021872953,-3.833423
1024,-5.0658174,-0.0063287793
1025,-1.229062,-0.34611222
1026,-0.023254765,-3.7728486
1027,-0.04353784,-3.155815
1028,-1.1053395,-0.40211838
1029,-0.21979322,-1.6229526
1030,-5.6289167,-0.003598882
1031,-5.7528734,-0.0031786652
1032,-2.7874541,-0.063555285
1033,-1.5616434,-0.23545784
1034,-5.7848697,-0.0030784856
1035,-0.05653646,-2.9010036
1036,-4.679339,-0.00932847
1037,-0.048849836,-3.0433304
1038,-0.036136083,-3.3384776
1039,-0.043129854,-3.165027
1040,-3.7826614,-0.02302506
1041,-0.93288875,-0.4999115
1042,-1.1967733,-0.35977638
1043,-0.3827281,-1.1456985
1044,-5.564407,-0.003839266
1045,-0.16966486,-1.8575636
1046,-3.2168353,-0.040907096
1047,-0.26394543,-1.4610844
1048,-5.7258363,-0.003266002
1049,-0.44401354,-1.0257058
1050,-1.1093411,-0.40014362
1051,-1.5608461,-0.23566958
1052,-0.15188757,-1.9595975
1053,-0.113790944,-2.2297482
1054,-0.5199913,-0.90269804
1055,-0.025958546,-3.6642065
1056,-1.8056278,-0.17957084
1057,-0.024872841,-3.7063906
1058,-0.031051017,-3.487608
1059,-3.0735886,-0.04735881
1060,-0.8546104,-0.55416626
1061,-0.9534919,-0.48677212
1062,-5.7334514,-0.0032411683
1063,-1.985714,-0.14766806
1064,-0.03644751,-3.330051
1065,-2.7246072,-0.067820676
1066,-0.02771454,-3.599624
1067,-5.728985,-0.0032556646
1068,-1.0225743,-0.44576833
1069,-0.0345624,-3.3822215
1070,-0.40739712,-1.0947595
1071,-4.75666,-0.008631422
1072,-4.1026354,-0.016667169
1073,-0.045342896,-3.1160884
1074,-1.004114,-0.45628864
1075,-0.098806776,-2.3635855
1076,-1.9389338,-0.15531808
1077,-0.033219777,-3.4211736
1078,-0.017210891,-4.070808
1079,-0.032611538,-3.4393504
1080,-0.14269556,-2.0175412
1081,-2.7048454,-0.069222234
1082,-0.025123162,-3.6964998
1083,-1.6533813,-0.21245295
1084,-0.023613075,-3.7577386
1085,-0.03020114,-3.51494
1086,-0.027453963,-3.6089396
1087,-2.572459,-0.0794194
1088,-0.23688179,-1.5562978
1089,-5.7704144,-0.0031232885
1090,-1.2385406,-0.34221834
1091,-1.5616434,-0.23545784
1092,-4.804499,-0.008226558
1093,-4.448092,-0.011769853
1094,-0.013090034,-4.342439
1095,-5.0564394,-0.0063885986
1096,-5.7168794,-0.0032953504
1097,-0.6199298,-0.77215195
1098,-0.4468689,-1.020618
1099,-0.042425476,-3.1811445
1100,-2.9410565,-0.054255493
1101,-0.03476886,-3.376366
1102,-0.018450657,-4.001867
1103,-1.5505161,-0.23843296
1104,-0.08209628,-2.54063
1105,-0.89288837,-0.52673703
1106,-0.98438686,-0.46787506
1107,-0.015960556,-4.1456065
1108,-1.715063,-0.1983929
1109,-5.423244,-0.004422527
1110,-0.030742066,-3.4974537
1111,-0.13696343,-2.0557415
1112,-0.853248,-0.55517626
1113,-1.6529641,-0.21255174
1114,-3.573671,-0.028453683
1115,-0.029689318,-3.5317745
1116,-0.096764475,-2.3834677
1117,-5.6878138,-0.0033927755
1118,-5.841198,-0.0029095956
1119,-0.05098989,-3.0015147
1120,-0.03158467,-3.470836
1121,-4.2781434,-0.013965504
1122,-0.019646456,-3.939667
1123,-0.049540743,-3.0296283
1124,-0.019005224,-3.972529
1125,-0.036180925,-3.3372588
1126,-4.233292,-0.014610796
1127,-0.6106539,-0.7830625
1128,-0.738729,-0.6495529
1129,-0.025159897,-3.6950579
1130,-5.646951,-0.0035345007
1131,-0.1415436,-2.0250843
1132,-0.024080887,-3.7383516
1133,-5.3255715,-0.004877455
1134,-5.690138,-0.0033848158
1135,-0.021213658,-3.8636982
1136,-0.6785761,-0.7079337
1137,-5.2099094,-0.005477183
1138,-0.1553091,-1.9389876
1139,-4.9628224,-0.007017726
1140,-0.097098365,-2.3801873
1141,-0.023059893,-3.7811666
1142,-0.016618982,-4.105509
1143,-0.044618756,-3.131828
1144,-0.13342118,-2.0802135
1145,-5.787825,-0.0030693347
1146,-0.04552231,-3.1122282
1147,-5.39772,-0.0045371684
1148,-0.36837175,-1.1772008
1149,-5.7036796,-0.0033391928
1150,-4.440099,-0.011864924
1151,-0.582716,-0.81730497
1152,-5.7847333,-0.0030788423
1153,-5.5554733,-0.0038737035
1154,-0.020827284,-3.8818889
1155,-0.097185984,-2.3793278
1156,-5.2105727,-0.005473508
1157,-0.07581557,-2.6171203
1158,-0.020159822,-3.9141257
1159,-5.772279,-0.0031174654
1160,-5.690945,-0.003382083
1161,-0.8277966,-0.5744955
1162,-5.6143465,-0.003651857
1163,-0.024146171,-3.7356772
1164,-0.076769665,-2.6050854
1165,-0.97044283,-0.47628757
1166,-5.1212826,-0.0059862607
1167,-5.7331033,-0.0032422377
1168,-0.096714154,-2.3839633
1169,-0.040229436,-3.233204
1170,-0.026129628,-3.6577241
1171,-0.021872953,-3.833423
1172,-0.07874376,-2.5806699
1173,-0.08076643,-2.5563056
1174,-0.16840388,-1.8644106
1175,-5.830606,-0.0029406184
1176,-5.7533994,-0.0031770016
1177,-0.07363447,-2.6452339
1178,-5.824335,-0.0029591604
1179,-0.02707475,-3.6226625
1180,-1.3826698,-0.2888931
1181,-3.3865783,-0.034409456
1182,-0.44283143,-1.0278243
1183,-1.8340017,-0.17408307
1184,-5.7839446,-0.0030813378
1185,-1.2072535,-0.35527217
1186,-0.012932594,-4.354461
1187,-0.025670907,-3.6752028
1188,-0.028923523,-3.557526
1189,-0.025203837,-3.6933334
1190,-0.26312137,-1.4638176
1191,-0.07717707,-2.5999932
1192,-2.3649335,-0.098666914
1193,-4.8573985,-0.0078010657
1194,-1.4801972,-0.25824338
1195,-5.810037,-0.0030018291
1196,-5.610198,-0.00366706
1197,-0.028040772,-3.5880816
1198,-2.8448381,-0.059902597
1199,-0.2593157,-1.4765668
1200,-5.7621427,-0.0031493136
1201,-0.05635529,-2.904125
1202,-0.32656115,-1.2779791
1203,-1.8028265,-0.18012275
1204,-1.7356162,-0.19393855
1205,-4.8271914,-0.00804127
1206,-0.017662384,-4.045135
1207,-0.33498237,-1.2564975
1208,-5.428369,-0.004399858
1209,-0.08053395,-2.5590727
1210,-0.0362706,-3.3348293
1211,-0.028280914,-3.5796735
1212,-0.5033254,-0.9276476
1213,-0.54298294,-0.8699144
1214,-3.1123083,-0.04551855
1215,-0.7301742,-0.65744233
1216,-0.5033254,-0.9276476
1217,-5.7965674,-0.0030425945
1218,-0.080990836,-2.5536418
1219,-5.139218,-0.005879489
1220,-0.17546807,-1.82675
1221,-0.047686312,-3.06686
1222,-5.759473,-0.0031577507
1223,-5.3908553,-0.0045684967
1224,-0.030419372,-3.5078478
1225,-1.5146748,-0.24830712
1226,-0.014391789,-4.2482815
1227,-2.0831635,-0.13300079
1228,-0.083614506,-2.523054
1229,-0.05109841,-2.9994414
1230,-0.02082133,-3.8821704
1231,-0.027817963,-3.5959504
1232,-0.51453686,-0.91074973
1233,-2.2379766,-0.11280382
1234,-0.03254969,-3.4412172
1235,-4.3000226,-0.013661105
1236,-5.714781,-0.0033023607
1237,-0.044315908,-3.1384869
1238,-5.777102,-0.0031024916
1239,-1.8761634,-0.16626321
1240,-3.9651463,-0.019147445
1241,-0.025873285,-3.6674519
1242,-3.112401,-0.045514222
1243,-3.3523457,-0.03562936
1244,-5.5095067,-0.004056322
1245,-0.21290454,-1.6514758
1246,-0.030126998,-3.5173578
1247,-3.2071176,-0.04131496
1248,-2.950661,-0.053722735
1249,-5.712043,-0.0033113905
1250,-0.02011636,-3.9162626
1251,-0.039331857,-3.2553215
1252,-5.28753,-0.0050670067
1253,-5.551298,-0.0038899719
1254,-0.68687195,-0.699462
1255,-1.5264108,-0.24502404
1256,-0.054264978,-2.9408865
1257,-0.05062675,-3.0084825
1258,-5.1987114,-0.00553895
1259,-0.29796982,-1.3560512
1260,-0.028289953,-3.5793607
1261,-0.017278852,-4.066899
1262,-0.6482155,-0.74019295
1263,-0.036116075,-3.3390212
1264,-5.7319894,-0.0032459213
1265,-1.1545699,-0.37861827
1266,-0.043074362,-3.1662867
1267,-0.11225832,-2.2425573
1268,-0.25240946,-1.5002544
1269,-0.021193584,-3.864633
1270,-0.033981368,-3.3988862
1271,-0.03312037,-3.4241202
1272,-5.7364035,-0.0032315436
1273,-1.195683,-0.36024892
1274,-0.019932678,-3.9253469
1275,-0.07186716,-2.6686547
1276,-5.6978254,-0.0033589154
1277,-5.4500947,-0.004305142
1278,-0.27032536,-1.440249
1279,-0.03526198,-3.3625295
1280,-4.1780305,-0.015447375
1281,-5.2472544,-0.005275851
1282,-0.066829346,-2.7388415
1283,-4.1094685,-0.016552737
1284,-0.8861613,-0.53142834
1285,-0.55303264,-0.85614324
1286,-0.79592186,-0.5999576
1287,-0.23143996,-1.5769242
1288,-0.022004852,-3.8274763
1289,-2.4187136,-0.09325194
1290,-0.06777199,-2.7253006
1291,-0.087824956,-2.4760013
1292,-5.530626,-0.0039714286
1293,-4.092388,-0.016840316
1294,-0.015540807,-4.1720443
1295,-0.23506288,-1.5631323
1296,-0.05030531,-3.014693
1297,-0.21471196,-1.6438937
1298,-0.072517745,-2.6599638
1299,-0.021760631,-3.8385112
1300,-0.08607142,-2.4953055
1301,-0.06127044,-2.8229368
1302,-5.0220313,-0.006612918
1303,-5.643356,-0.003547211
1304,-0.58958495,-0.80868685
1305,-0.17727818,-1.8173649
1306,-0.02545117,-3.6836944
1307,-0.028205702,-3.5822997
1308,-0.042397596,-3.1817865
1309,-0.04539006,-3.115072
1310,-0.014355714,-4.250773
1311,-0.042547837,-3.1783254
1312,-5.075743,-0.006265995
1313,-0.5330351,-0.8838749
1314,-1.637686,-0.21620443
1315,-2.051413,-0.13760035
1316,-0.029689318,-3.5317745
1317,-5.803468,-0.0030216773
1318,-5.5706024,-0.0038155152
1319,-0.0284779,-3.5728328
1320,-4.3202133,-0.013386255
1321,-0.018043192,-4.023997
1322,-0.055831656,-2.913201
1323,-0.044618756,-3.131828
1324,-0.040162787,-3.2348282
1325,-4.7607474,-0.008596084
1326,-5.781363,-0.0030893004
1327,-5.627374,-0.0036044647
1328,-0.2124834,-1.6532524
1329,-0.046232022,-3.097109
1330,-0.48743597,-0.95243406
1331,-0.017259518,-4.06801
1332,-3.9063692,-0.020318465
1333,-0.04124724,-3.208725
1334,-5.466856,-0.0042334464
1335,-5.7233677,-0.003274082
1336,-0.8421283,-0.5635105
1337,-0.13267544,-2.0854537
1338,-0.025516829,-3.6811476
1339,-0.050605785,-3.0088844
1340,-5.714558,-0.0033030736
1341,-0.04548301,-3.1130729
1342,-0.19535713,-1.7290149
1343,-0.03638027,-3.331864
1344,-1.5443747,-0.24009304
1345,-4.8047676,-0.008224311
1346,-0.034643356,-3.3799217
1347,-0.01923749,-3.960497
1348,-0.023391373,-3.7670593
1349,-0.2961969,-1.3611766
1350,-0.040529057,-3.2259333
1351,-5.546525,-0.003908615
1352,-0.016795069,-4.0950546
1353,-5.776888,-0.0031032048
1354,-0.15314664,-1.9519559
1355,-2.4416442,-0.09103871
1356,-0.04841494,-3.052056
1357,-0.24910045,-1.5118651
1358,-0.01993817,-3.9250705
1359,-0.043421876,-3.1584249
1360,-1.9304152,-0.1567567
1361,-3.6712658,-0.025773495
1362,-0.20600922,-1.681071
1363,-5.79136,-0.00305852
1364,-0.04252133,-3.1789343
1365,-0.04109166,-3.2124245
1366,-0.15099405,-1.9650624
1367,-0.01966434,-3.9387646
1368,-0.6885637,-0.69775164
1369,-3.9537117,-0.019369738
1370,-1.7994303,-0.18079446
1371,-5.6088443,-0.0036720484
1372,-0.4209542,-1.0683358
1373,-0.025639651,-3.6764097
1374,-0.3052994,-1.3352314
1375,-0.024971558,-3.7024763
1376,-0.021073483,-3.8702567
1377,-3.5600991,-0.028848127
1378,-1.5014379,-0.2520699
1379,-0.030961797,-3.490442
1380,-0.024660721,-3.714848
1381,-0.43524584,-1.0415863
1382,-0.031025246,-3.4884284
1383,-5.7051663,-0.0033343215
1384,-0.035114206,-3.3666556
1385,-2.0618231,-0.13607384
1386,-0.63160276,-0.75872916
1387,-0.28819436,-1.384759
1388,-0.050186504,-3.0169966
1389,-1.624231,-0.21947922
1390,-0.023239158,-3.7735124
1391,-0.035115935,-3.3666084
1392,-0.01504444,-4.204263
1393,-0.47517043,-0.97227687
1394,-0.047984168,-3.0607805
1395,-5.7351494,-0.0032355837
1396,-0.35339406,-1.2116703
1397,-0.025479062,-3.6826108
1398,-0.04458136,-3.1326485
1399,-5.117122,-0.0060112635
1400,-0.019004524,-3.972564
1401,-0.64352655,-0.7453591
1402,-1.7902642,-0.18262087
1403,-0.020567942,-3.894289
1404,-1.2846415,-0.32399997
1405,-5.06288,-0.006347377
1406,-0.020047892,-3.9196403
1407,-0.01887445,-3.9793713
1408,-0.05440238,-2.9384255
1409,-2.6128817,-0.07615013
1410,-0.05030531,-3.014693
1411,-5.7097807,-0.0033188758
1412,-0.17400365,-1.8344198
1413,-0.63604236,-0.75371134
1414,-0.06964117,-2.6990175
1415,-0.9891615,-0.46503744
1416,-0.34984893,-1.2200838
1417,-5.391802,-0.004564106
1418,-5.0823298,-0.0062247682
1419,-5.503897,-0.0040792357
1420,-3.9178352,-0.020084463
1421,-3.9783719,-0.0188934
1422,-0.4923355,-0.9446832
1423,-0.043445732,-3.1578863
1424,-0.8886327,-0.5296986
1425,-1.5151343,-0.24817757
1426,-0.10078251,-2.344759
1427,-0.40351978,-1.1025144
1428,-0.020188913,-3.9126987
1429,-2.1493247,-0.12393519
1430,-0.9816895,-0.46948785
1431,-1.9671355,-0.15065655
1432,-3.0439453,-0.04881907
1433,-5.7975473,-0.0030396234
1434,-0.040300887,-3.2314653
1435,-0.422538,-1.0653169
1436,-0.05804188,-2.8754709
1437,-0.024059592,-3.7392256
1438,-0.58764136,-0.8111119
1439,-5.6853848,-0.0034009733
1440,-0.076011926,-2.6146295
1441,-3.991426,-0.018646078
1442,-5.790476,-0.0030612533
1443,-5.5770407,-0.0037909325
1444,-0.38274792,-1.1456561
1445,-5.712099,-0.003311153
1446,-0.01411855,-4.267317
1447,-0.101818286,-2.3350425
1448,-0.025946582,-3.664662
1449,-0.13181065,-2.0915704
1450,-0.032092866,-3.4551232
1451,-0.020678647,-3.8889768
1452,-1.5289752,-0.24431318
1453,-0.039444625,-3.2525146
1454,-0.029293586,-3.544996
1455,-0.42455596,-1.0614903
1456,-1.5684478,-0.23365916
1457,-2.0753314,-0.13411988
1458,-5.7104654,-0.0033166185
1459,-0.026878648,-3.6298325
1460,-0.088878594,-2.464594
1461,-3.357704,-0.03543562
1462,-0.015081898,-4.201791
1463,-1.790222,-0.18262932
1464,-2.9056695,-0.05626582
1465,-1.9677488,-0.15055688
1466,-5.078169,-0.0062508313
1467,-0.059590418,-2.849907
1468,-0.039589815,-3.2489135
1469,-0.05087173,-3.003777
1470,-0.39866692,-1.1123488
1471,-0.17988288,-1.8040427
1472,-2.9052608,-0.056289483
1473,-5.8011117,-0.0030288082
1474,-3.7864761,-0.022936404
1475,-0.018150078,-4.0181384
1476,-0.01603024,-4.1412826
1477,-0.45039365,-1.0143921
1478,-0.0942554,-2.408505
1479,-4.2297935,-0.014662369
1480,-0.07474498,-2.630813
1481,-5.746513,-0.003198985
1482,-2.802966,-0.06254583
1483,-0.0152377095,-4.19159
1484,-0.48520017,-0.9560038
1485,-0.018897727,-3.9781506
1486,-0.69512635,-0.69117194
1487,-0.06976659,-2.6972806
1488,-0.01418672,-4.262537
1489,-0.01887445,-3.9793713
1490,-1.7316698,-0.19478531
1491,-0.027390752,-3.6112158
1492,-0.08743858,-2.4802191
1493,-0.023153897,-3.7771473
1494,-5.698321,-0.003357252
1495,-0.04751172,-3.0704405
1496,-5.5958357,-0.00372015
1497,-2.5679982,-0.07978907
1498,-5.697533,-0.003359866
1499,-5.6345077,-0.0035788077
1500,-5.4926214,-0.0041255374
1501,-5.4132776,-0.004466913
1502,-0.09180169,-2.4336739
1503,-0.05145141,-2.9927323
1504,-4.1758676,-0.015481063
1505,-2.7575622,-0.06554836
1506,-3.46858,-0.031657085
1507,-0.034350716,-3.3882596
1508,-0.032607384,-3.4394758
1509,-0.042991117,-3.1681814
1510,-0.71595395,-0.670849
1511,-0.015189219,-4.1947565
1512,-0.034069974,-3.3963244
1513,-0.23107141,-1.5783405
1514,-1.5993264,-0.22568749
1515,-0.7547878,-0.6350865
1516,-1.8412939,-0.17270248
1517,-0.9599837,-0.48272282
1518,-0.76502734,-0.6260891
1519,-0.7707925,-0.62109876
1520,-0.04167841,-3.1985385
1521,-0.03272415,-3.4359605
1522,-0.10674813,-2.290182
1523,-3.8357213,-0.0218221
1524,-2.5425978,-0.08192814
1525,-5.7748475,-0.003109503
1526,-0.24689218,-1.519711
1527,-0.024696078,-3.7134345
1528,-4.063996,-0.017329583
1529,-0.031498846,-3.4735136
1530,-5.701409,-0.0033467968
1531,-0.022426909,-3.8086865
1532,-0.2280775,-1.5899423
1533,-0.09625714,-2.3884745
1534,-0.19960065,-1.7095778
1535,-2.4457204,-0.09065107
1536,-0.04255412,-3.178181
1537,-0.07698779,-2.6023552
1538,-0.017683113,-4.043976
1539,-0.33089927,-1.2668327
1540,-0.049274106,-3.0348928
1541,-1.1305882,-0.38985252
1542,-5.7610216,-0.0031528785
1543,-0.16067868,-1.9076126
1544,-5.592896,-0.0037311953
1545,-0.019553758,-3.944347
1546,-0.08264476,-2.5342414
1547,-0.25826475,-1.4801247
1548,-0.018883457,-3.9788945
1549,-0.039643437,-3.247585
1550,-0.015341491,-4.184853
1551,-0.020047892,-3.9196403
1552,-0.60527694,-0.78948903
1553,-0.81810033,-0.58208746
1554,-4.328091,-0.013280506
1555,-0.06717439,-2.7338624
1556,-0.043129854,-3.165027
1557,-0.03433862,-3.3886032
1558,-0.16526675,-1.8816899
1559,-1.7773749,-0.1852235
1560,-0.026676124,-3.6372957
1561,-2.1556234,-0.12310698
1562,-0.06619023,-2.748135
1563,-0.049329706,-3.033792
1564,-0.052224822,-2.9781964
1565,-2.216783,-0.11536488
1566,-0.5388902,-0.8756176
1567,-5.6020803,-0.0036969904
1568,-5.477767,-0.0041873874
1569,-0.29508623,-1.3644054
1570,-0.021550301,-3.8481212
1571,-0.03257404,-3.4404814
1572,-0.45636737,-1.003978
1573,-5.3694415,-0.004667578
1574,-1.8194971,-0.17686513
1575,-0.019441059,-3.9500704
1576,-0.015554187,-4.171189
1577,-1.5669405,-0.23405619
1578,-0.022899354,-3.7880728
1579,-5.6661963,-0.0034670264
1580,-0.021234315,-3.8627326
1581,-5.715353,-0.0033004596
1582,-5.552116,-0.0038867658
1583,-5.7780623,-0.0030995207
1584,-2.3471894,-0.100525096
1585,-0.058440007,-2.8688326
1586,-5.0195584,-0.0066293785
1587,-0.01583208,-4.1536207
1588,-5.5635185,-0.003842591
1589,-3.928449,-0.019870276
1590,-0.02631171,-3.650867
1591,-5.0840907,-0.0062137507
1592,-4.966033,-0.006995116
1593,-0.03061825,-3.5014281
1594,-4.8557563,-0.00781384
1595,-0.033687152,-3.4074366
1596,-5.0452256,-0.0064608506
1597,-5.111072,-0.006047878
1598,-0.35804874,-1.2007748
1599,-0.54381555,-0.8687608
1600,-0.0686531,-2.712819
1601,-4.3713636,-0.012714514
1602,-5.5142775,-0.0040369695
1603,-3.3788126,-0.03468239
1604,-0.043748274,-3.1510978
1605,-0.043074362,-3.1662867
1606,-0.2324248,-1.5731511
1607,-5.2728367,-0.0051422003
1608,-0.03423748,-3.3915038
1609,-0.039408643,-3.2534113
1610,-0.108861685,-2.2716138
1611,-5.568598,-0.0038231155
1612,-0.07248947,-2.6603398
1613,-3.7663739,-0.023407677
1614,-0.0232727,-3.772088
1615,-3.9816594,-0.018830815
1616,-0.03826127,-3.2823865
1617,-0.13165474,-2.0926778
1618,-5.050646,-0.006425791
1619,-0.10126795,-2.340192
1620,-0.25939262,-1.476307
1621,-0.05890957,-2.8610623
1622,-0.25636858,-1.4865863
1623,-4.382831,-0.012568551
1624,-0.03966257,-3.2471125
1625,-0.083008304,-2.5300322
1626,-0.04409099,-3.1434634
1627,-4.971901,-0.006954038
1628,-0.043787297,-3.1502244
1629,-4.809239,-0.00818754
1630,-5.81838,-0.00297687
1631,-0.7990703,-0.597377
1632,-3.4514227,-0.032213844
1633,-0.18990971,-1.7546592
1634,-0.04055241,-3.225368
1635,-0.047064524,-3.0796766
1636,-0.72450644,-0.6627415
1637,-0.93243307,-0.500207
1638,-0.93288875,-0.4999115
1639,-0.015610171,-4.167625
1640,-4.9328046,-0.007232318
1641,-0.023406511,-3.7664216
1642,-0.32306597,-1.2870867
1643,-0.014073532,-4.270491
1644,-0.051282912,-2.9959292
1645,-0.05765935,-2.881893
1646,-0.17455854,-1.8315052
1647,-1.6841037,-0.20531678
1648,-0.023869298,-3.7470748
1649,-0.4984913,-0.9350823
1650,-4.979949,-0.0068981596
1651,-0.20079026,-1.7042104
1652,-0.58591175,-0.81327873
1653,-0.022576218,-3.8021274
1654,-0.15559432,-1.9372915
1655,-0.045750435,-3.107342
1656,-0.04444123,-3.135727
1657,-5.010062,-0.0066928505
1658,-1.4305907,-0.27334216
1659,-0.01856066,-3.9959772
1660,-5.7863,-0.0030740884
1661,-4.9802175,-0.0068962653
1662,-5.1374,-0.005890273
1663,-0.017299121,-4.0657334
1664,-0.0698513,-2.6961088
1665,-0.015769538,-4.1575465
1666,-0.31391957,-1.3114755
1667,-0.03222308,-3.4511414
1668,-3.7963607,-0.022708258
1669,-3.573671,-0.028453683
1670,-0.08062293,-2.558013
1671,-0.035952445,-3.3434806
1672,-4.164709,-0.015656175
1673,-0.4108381,-1.087952
1674,-0.050176978,-3.0171838
1675,-1.0461173,-0.43278348
1676,-0.018691242,-3.9890296
1677,-5.772702,-0.003116158
1678,-0.046987753,-3.081271
1679,-0.043439683,-3.1580234
1680,-4.7120423,-0.009027027
1681,-0.020269286,-3.9087648
1682,-0.066353336,-2.7457538
1683,-0.015139905,-4.197983
1684,-1.6995324,-0.20183341
1685,-1.9712579,-0.14998789
1686,-5.3823047,-0.0046077743
1687,-5.352407,-0.004748022
1688,-5.796135,-0.0030439019
1689,-1.3391354,-0.30390924
1690,-0.0382467,-3.2827597
1691,-0.01949215,-3.9474714
1692,-5.444852,-0.004327813
1693,-3.1476076,-0.043904588
1694,-5.093381,-0.006156172
1695,-0.01720843,-4.070946
1696,-0.102065355,-2.332741
1697,-5.3141274,-0.0049336837
1698,-2.127868,-0.12680088
1699,-4.6812553,-0.009310636
1700,-0.018605242,-3.9936008
1701,-1.2292941,-0.34601623
1702,-4.1261206,-0.016277157
1703,-5.5589957,-0.0038600473
1704,-1.1475401,-0.38187057
1705,-0.018150078,-4.0181384
1706,-2.6168785,-0.07583458
1707,-0.8546104,-0.55416626
1708,-5.7618003,-0.003150383
1709,-0.057570674,-2.88339
1710,-0.045750435,-3.107342
1711,-4.4950423,-0.011227052
1712,-0.015083542,-4.2016854
1713,-5.709082,-0.003321252
1714,-5.5099297,-0.00405466
1715,-1.6802753,-0.2061914
1716,-5.0594177,-0.006369528
1717,-4.8901196,-0.007548973
1718,-5.1183014,-0.0060041538
1719,-0.014533609,-4.2385454
1720,-0.019041834,-3.9706242
1721,-0.06722834,-2.7330856
1722,-0.02262878,-3.7998247
1723,-0.020269286,-3.9087648
1724,-4.958568,-0.007047793
1725,-1.9507658,-0.15334372
1726,-1.3208941,-0.31046847
1727,-0.017864399,-4.0338664
1728,-5.513972,-0.0040381565
1729,-0.021280412,-3.860587
1730,-0.02635258,-3.649337
1731,-3.3912039,-0.034247965
1732,-0.13649617,-2.0589304
1733,-1.4227781,-0.27581063
1734,-0.13370468,-2.0782294
1735,-0.041793544,-3.1958385
1736,-0.06881514,-2.7105417
1737,-0.2832214,-1.3997968
1738,-5.7595234,-0.003157632
1739,-0.047850195,-3.0635087
1740,-2.0751598,-0.13414457
1741,-4.1242757,-0.016307415
1742,-5.293919,-0.0050347447
1743,-0.223309,-1.6087766
1744,-0.050053168,-3.019591
1745,-0.1080655,-2.278564
1746,-0.07139344,-2.675034
1747,-0.018928025,-3.9765635
1748,-0.075139165,-2.6257472
1749,-0.8060218,-0.59173083
1750,-0.05542753,-2.920264
1751,-1.7812674,-0.18443325
1752,-5.2766156,-0.00512275
1753,-0.91594815,-0.5110541
1754,-1.5622214,-0.23530437
1755,-0.018437315,-4.0025854
1756,-0.20697881,-1.6768439
1757,-0.27747977,-1.417541
1758,-0.06602152,-2.750604
1759,-1.8224878,-0.17628764
1760,-0.037336655,-3.3063896
1761,-0.03296409,-3.4287724
1762,-5.4090924,-0.004485783
1763,-5.567942,-0.0038256093
1764,-2.4473436,-0.09049721
1765,-0.9379518,-0.4966413
1766,-5.6890836,-0.00338838
1767,-2.3471894,-0.100525096
1768,-0.69799894,-0.6883188
1769,-3.4266791,-0.033034332
1770,-2.1038435,-0.13009349
1771,-0.11402093,-2.2278423
1772,-4.3239794,-0.013335559
1773,-0.018168457,-4.0171366
1774,-5.482972,-0.0041656634
1775,-0.08007774,-2.564529
1776,-5.4027996,-0.004514146
1777,-0.019305896,-3.9569793
1778,-0.3971797,-1.1153921
1779,-0.034504473,-3.3838682
1780,-3.1034942,-0.045930915
1781,-0.16631632,-1.8758698
1782,-0.04679017,-3.0853848
1783,-0.07758375,-2.5949388
1784,-0.041001726,-3.214571
1785,-1.3639092,-0.29525653
1786,-1.1700424,-0.3715765
1787,-0.02453208,-3.7200131
1788,-4.4995537,-0.011176127
1789,-0.050500162,-3.0109217
1790,-3.2396445,-0.039965916
1791,-0.12825719,-2.1171613
1792,-5.805464,-0.0030156157
1793,-0.059483152,-2.851656
1794,-0.028494237,-3.5722678
1795,-5.0288773,-0.006567679
1796,-0.98460865,-0.46774274
1797,-0.09180169,-2.4336739
1798,-5.4378557,-0.0043583172
1799,-5.5784793,-0.0037854696
